{"noiseKey":{"private":{"type":"Buffer","data":"gMSCkceXf6MJTOg7jkMFZwJs5a7dOzZwZL6oPg1XKEI="},"public":{"type":"Buffer","data":"3ETfOBMhFd/n4P6W1ryp3PuV+St84ff38IGt93UwbmM="}},"pairingEphemeralKeyPair":{"private":{"type":"Buffer","data":"OOk1uftboPswcpUgxo4hFuppWMrWvufMDnFs7s8Du3U="},"public":{"type":"Buffer","data":"fi35elTJYEMnVOKZ8DZRDG8392/yiOxZR5DEbp8TTCc="}},"signedIdentityKey":{"private":{"type":"Buffer","data":"eNQ7XcgyxkdfhrpFu2vFEh59r4/IwutJjz5x3e95skk="},"public":{"type":"Buffer","data":"/NJ4mNpVG95lya62hXnpJ9SDLvcIJhwfNDBUU9rrPS0="}},"signedPreKey":{"keyPair":{"private":{"type":"Buffer","data":"uFZ8Ad7JxBSrEd6mk/swuvVI6bJw1lfn1R+I00EEXF0="},"public":{"type":"Buffer","data":"3RsuTOvVVZfRsncTK/gUGYVjVKqRTQjVBmtkAj23E1g="}},"signature":{"type":"Buffer","data":"zcBTAAdnaIjpXASUIzM+eoVEYTmmg4ksnsTL7ZD96Dm9YEyir6VQcAqpWRHQI/Mw6YQicH+PVgymkai0Z08Pjg=="},"keyId":1},"registrationId":199,"advSecretKey":"673yhv5GS/2nZZ8OEvd0sN5Rw/5/UrLOyypLy1GftcI=","processedHistoryMessages":[{"key":{"remoteJid":"556499319149@s.whatsapp.net","fromMe":true,"id":"0A6448EDC4C9965256E8B2925E111651"},"messageTimestamp":1701265393},{"key":{"remoteJid":"556499319149@s.whatsapp.net","fromMe":true,"id":"AD4526B00B94C9FFF0B020CB9A11839F"},"messageTimestamp":1701265402}],"nextPreKeyId":31,"firstUnuploadedPreKeyId":31,"accountSyncCounter":1,"accountSettings":{"unarchiveChats":false},"deviceId":"X7v-GAd2T_uEI7eg859RFA","phoneId":"8d86581f-1e4a-4796-9530-3a44898bf040","identityId":{"type":"Buffer","data":"B8UexctmUXiFREtGlRUaH27DZOc="},"registered":true,"backupToken":{"type":"Buffer","data":"5d7v1Lebslbo0jP1QkyNxgQZmsw="},"registration":{},"pairingCode":"ZLE1SBEB","me":{"id":"556499319149:8@s.whatsapp.net","name":"Yuno-bot"},"account":{"details":"CKyChcEDEI3/nKsGGAEgACgA","accountSignatureKey":"9U7x8/5cmqGiZwrl7WtqZpDouGQOON36vVIIjEf6L2g=","accountSignature":"NXNtX0QGM+6uG8mqZbE0sH8ygi7r/WzQlPalkHD7C33EvQ2d3FoH4w/qF8JITYG9KPCYXR/LCOFAwfsZW643CA==","deviceSignature":"nuPJuyq+sylckNL0IWpwo6Jkkfbqh6kgSDBE6rTGURgz3FJdZdzViOlLdd8qC4L6ypX83hA4GEnKGXQV3Qb4jQ=="},"signalIdentities":[{"identifier":{"name":"556499319149:8@s.whatsapp.net","deviceId":0},"identifierKey":{"type":"Buffer","data":"BfVO8fP+XJqhomcK5e1ramaQ6LhkDjjd+r1SCIxH+i9o"}}],"platform":"android","lastAccountSyncTimestamp":1701265312,"myAppStateKeyId":"AAAAAAX4"}