{"_sessions":{"BYBOcZCXJ7dwA9SEFWi9KFJDFvqZOeeH0mzPY1typ5wK":{"registrationId":794849920,"currentRatchet":{"ephemeralKeyPair":{"pubKey":"BX6gmLtcWuJJ+WrFw8O9sqnkh+g8IyZIMeh76VS8wfBe","privKey":"sOl4nnCQFmkreyli89TKjH+GZmBKyUqjmwkod+DYSnU="},"lastRemoteEphemeralKey":"BTBJI7ITXoAYOPb3rj1lQ75+E2cPHaesgLI6RZtieIJO","previousCounter":0,"rootKey":"BXpfBOefRKwR92hvTXGj73yKxP5PxsGNMaKPN+VLrjM="},"indexInfo":{"baseKey":"BYBOcZCXJ7dwA9SEFWi9KFJDFvqZOeeH0mzPY1typ5wK","baseKeyType":2,"closed":-1,"used":1701265320233,"created":1701265320233,"remoteIdentityKey":"BVRDPg3SWQqO1fvkWIQw/yLZgXX2goT2y2eTEndJQ9Es"},"_chains":{"BTBJI7ITXoAYOPb3rj1lQ75+E2cPHaesgLI6RZtieIJO":{"chainKey":{"counter":0,"key":"nPxGYWmzU6v+YPk/Fz4DPOy7r8XZVFHt8kajf8TkSz0="},"chainType":2,"messageKeys":{}},"BX6gmLtcWuJJ+WrFw8O9sqnkh+g8IyZIMeh76VS8wfBe":{"chainKey":{"counter":-1,"key":"vRH7m5q2Ja5CrQSG4WYiruMF0H5USxjgDwZJLIHCFqU="},"chainType":1,"messageKeys":{}}}}},"version":"v1"}