{"_sessions":{"BT1URKtdhH9iHkkVEMuuRrgACAq4BwjtL+e2dLSgMUAT":{"registrationId":161,"currentRatchet":{"ephemeralKeyPair":{"pubKey":"BWtQRT+6ZSf3VW18tG2CQUxMaRGgFEFz43vmzn4SPe4Y","privKey":"eNxIiZUcxvwl4nXCjivi9Dd6Kt4tqO4tIy0aertLBGU="},"lastRemoteEphemeralKey":"BWJfZGr0Qcmnp1hUm4MgldPbcYUnMSoaJ6DBmXWwvoMa","previousCounter":0,"rootKey":"2uEVp3mB8Me1zkoJu7MqwfiKyo63E2o1OVNL9IC3JpI="},"indexInfo":{"baseKey":"BT1URKtdhH9iHkkVEMuuRrgACAq4BwjtL+e2dLSgMUAT","baseKeyType":2,"closed":-1,"used":1701265430134,"created":1701265430133,"remoteIdentityKey":"BStoTbNRL0VAvrBZ6gIp/EAJC8f52Ep1/1cJXHSE1xlt"},"_chains":{"BWJfZGr0Qcmnp1hUm4MgldPbcYUnMSoaJ6DBmXWwvoMa":{"chainKey":{"counter":1,"key":"EKDHTLCMMELPsuMlRSHqVReMlQ9NpHiEZ5G05BYXmVU="},"chainType":2,"messageKeys":{}},"BWtQRT+6ZSf3VW18tG2CQUxMaRGgFEFz43vmzn4SPe4Y":{"chainKey":{"counter":-1,"key":"gSix3ZCfcFxUzQtKq1+av9s2BEzNWUeSATkIs4+PJik="},"chainType":1,"messageKeys":{}}}}},"version":"v1"}