{"_sessions":{"Bdbe7nkLOzrVWwPZ08FMvw63aJJI3KF/wQthGLy3TDkk":{"registrationId":80996791,"currentRatchet":{"ephemeralKeyPair":{"pubKey":"BV0vxVNTWiQzWUKwvu2f77vvqM2CLEhNFfeTJDClsfYW","privKey":"yAYMmbBIRoh/6QH1KJSxollu0uD5mEg96D45HMCdR1k="},"lastRemoteEphemeralKey":"BVqYmt+Ui7yF/LBJhSEVxyE7iKoRjzpTnKGTTnoIJS4t","previousCounter":0,"rootKey":"CcsNFEGZOcbAJm8oiBa2jGluaxmBBFo73PJ5zLGB4ic="},"indexInfo":{"baseKey":"Bdbe7nkLOzrVWwPZ08FMvw63aJJI3KF/wQthGLy3TDkk","baseKeyType":2,"closed":-1,"used":1701265330548,"created":1701265330548,"remoteIdentityKey":"BY42qOn2gLuWOeRXHeIvicSe7ZjTIuOrWtJpggkzUqQp"},"_chains":{"BVqYmt+Ui7yF/LBJhSEVxyE7iKoRjzpTnKGTTnoIJS4t":{"chainKey":{"counter":0,"key":"hMsl4g0BdaBzjcYeXz4xzzqB6XNTPDLObDXTnAJph/c="},"chainType":2,"messageKeys":{}},"BV0vxVNTWiQzWUKwvu2f77vvqM2CLEhNFfeTJDClsfYW":{"chainKey":{"counter":-1,"key":"hVfth+3gAj3LM5ptRWlpiRQgIbU8bQEmslc4go6lZaw="},"chainType":1,"messageKeys":{}}}}},"version":"v1"}