{"_sessions":{"BZYk05xjDuUBAe9FIaK8O6PXPMQejqIVJhtCTte2EzEj":{"registrationId":666903667,"currentRatchet":{"ephemeralKeyPair":{"pubKey":"BUFxD4fh30ZYzMphYu4oZ8abRZ6G+qZAJG0tDYmnDFRQ","privKey":"oM7ETXSMXBmXwULfpXxBjwcGKl+wfvXqWVlkXllStlM="},"lastRemoteEphemeralKey":"BWN7OUoboeyFMXjAjgoDVpo+Om/r4am/469kz49XW716","previousCounter":0,"rootKey":"553N8RNjwvPnDNhIcJKhCP/ntCsBdQ5GeM8wviRAz7s="},"indexInfo":{"baseKey":"BZYk05xjDuUBAe9FIaK8O6PXPMQejqIVJhtCTte2EzEj","baseKeyType":2,"closed":-1,"used":1701265313062,"created":1701265313062,"remoteIdentityKey":"BfVO8fP+XJqhomcK5e1ramaQ6LhkDjjd+r1SCIxH+i9o"},"_chains":{"BWN7OUoboeyFMXjAjgoDVpo+Om/r4am/469kz49XW716":{"chainKey":{"counter":5,"key":"+vWvrG4tWsN/bDnurDr5epsZ7WtJ/fz/kUZWzjhlyBw="},"chainType":2,"messageKeys":{}},"BUFxD4fh30ZYzMphYu4oZ8abRZ6G+qZAJG0tDYmnDFRQ":{"chainKey":{"counter":-1,"key":"6a0X4nKlx3emX6jQoB0lW0DdWaSVkfAxdKzlXiwq/bE="},"chainType":1,"messageKeys":{}}}}},"version":"v1"}