{"_sessions":{"BWrRT/dvUNnZs/0gqAMNfdBVEjoO6cPZHC87VJBnZO5q":{"registrationId":2131662573,"currentRatchet":{"ephemeralKeyPair":{"pubKey":"BdPoid9xsLLDS2rnimZbJH8YijL8MXoxt035w34F4Eds","privKey":"CDPi4TNq9A5lGg6HUBJBSdSx4iUtmTnvBdl8eUdWnG0="},"lastRemoteEphemeralKey":"BY+KDGGODmrdHMoX7+rjYmDz9Gk+eOtwaoPG6/kFdfdw","previousCounter":0,"rootKey":"/+nkgKf8ezJ9sOODga+D6a/MMkyT5l7pQ1JDtWIqDcY="},"indexInfo":{"baseKey":"BWrRT/dvUNnZs/0gqAMNfdBVEjoO6cPZHC87VJBnZO5q","baseKeyType":2,"closed":-1,"used":1701265317804,"created":1701265317804,"remoteIdentityKey":"Be95+NoNmdzpjWyY31nWC1NsqgnpjN+/1yI1SackS71f"},"_chains":{"BY+KDGGODmrdHMoX7+rjYmDz9Gk+eOtwaoPG6/kFdfdw":{"chainKey":{"counter":1,"key":"1P91uSA1/8ZThOfonMUBYao+4s3VuB/a5CqhPSoxYzc="},"chainType":2,"messageKeys":{}},"BdPoid9xsLLDS2rnimZbJH8YijL8MXoxt035w34F4Eds":{"chainKey":{"counter":-1,"key":"b8mzNIpO/jH2oI72M62DcXsFXrTZOVC+x2kZY0yw+o8="},"chainType":1,"messageKeys":{}}}}},"version":"v1"}