{"_sessions":{"BUcsiPjEsuaiZUefDwXHBT/VC2dPTmTjLYYwhqrzf3Fb":{"registrationId":1398415506,"currentRatchet":{"ephemeralKeyPair":{"pubKey":"BTmyA5Knjweuj17lvOUS5y/bmwvfJp8ofN5esl2k4xlv","privKey":"mJi9W1js0AuV6hajOXXMpGRkXlbswiVV/ShYunwOK0o="},"lastRemoteEphemeralKey":"BUp0CoFXX1uR1wMANq2M4oVCR5VE8P7WYwFA/x3dXGIz","previousCounter":0,"rootKey":"DQN0px6wBebqEWg8KEJmI+QUsX1tqyqPbGVIfAOJvRA="},"indexInfo":{"baseKey":"BUcsiPjEsuaiZUefDwXHBT/VC2dPTmTjLYYwhqrzf3Fb","baseKeyType":2,"closed":-1,"used":1701265391242,"created":1701265391242,"remoteIdentityKey":"Bcu3beZ7Rhkh71OTAmIjKMSGK9tSu2rx6RylQGGc5q9H"},"_chains":{"BUp0CoFXX1uR1wMANq2M4oVCR5VE8P7WYwFA/x3dXGIz":{"chainKey":{"counter":0,"key":"SJyl2wORS2lHe+3XUml7fvIbIZK2zeYXONa8E55Ry8c="},"chainType":2,"messageKeys":{}},"BTmyA5Knjweuj17lvOUS5y/bmwvfJp8ofN5esl2k4xlv":{"chainKey":{"counter":-1,"key":"aYABXBNHefMt64IprGmGn6AATF7xDo+Ukdl8RWfa3DE="},"chainType":1,"messageKeys":{}}}}},"version":"v1"}