{"_sessions":{"BbYLU6mv5oxtfqU4ama+ts4aJ02QzIyZmCEZf88PqIMA":{"registrationId":1717234414,"currentRatchet":{"ephemeralKeyPair":{"pubKey":"BcWLlbHlKJAopMsJ+5Ja6aQ5mpXZH/V880SJp6pwhpVE","privKey":"yDLFClAaQ4XbH48nX/tWnz7zEUcXO5jCHYbPeOKK41I="},"lastRemoteEphemeralKey":"BQr1KuwuPQ1LuOGfuBvOepPpKohBsAJkxUHiJHhjawBF","previousCounter":0,"rootKey":"Tzr67c7zyG0CImQUtPZ8cpMD/cwLIpnghwlDehc/M9g="},"indexInfo":{"baseKey":"BbYLU6mv5oxtfqU4ama+ts4aJ02QzIyZmCEZf88PqIMA","baseKeyType":2,"closed":-1,"used":1701265449572,"created":1701265449572,"remoteIdentityKey":"BR2/LMNMsE+nn1/Eje4kcJI0R0NgQDgYYOgdVQyqEzQ7"},"_chains":{"BQr1KuwuPQ1LuOGfuBvOepPpKohBsAJkxUHiJHhjawBF":{"chainKey":{"counter":0,"key":"bNBVZ1cCLjbEHu3UPhZLXqFBExivVrrv8jMeKPlt+Wg="},"chainType":2,"messageKeys":{}},"BcWLlbHlKJAopMsJ+5Ja6aQ5mpXZH/V880SJp6pwhpVE":{"chainKey":{"counter":-1,"key":"QDUdRP4kYh43Ud7vKzg4+FowBc+IfUJDZCpEobu3Ov8="},"chainType":1,"messageKeys":{}}}}},"version":"v1"}